provider,scope,geographic_resolution,location,country,period,water_flow,value,reported_unit,value_liters,value_qualifier,caveat,source_report_id,source_url
Microsoft,Microsoft-owned datacentre location (FY25),site,Ashburn (VA) datacentre,US,FY25,withdrawal,239.0,ML,239000000.0,exact,Excludes commissioning and locations collectively <1% of owned-datacentre withdrawal/electricity; Section 2 detail; not part of the assured Section 1 metrics.,microsoft_2026_environmental_data_factsheet,https://cdn-dynmedia-1.microsoft.com/is/content/microsoftcorp/microsoft/final/en-us/microsoft-brand/documents/2026-Environmental-Data-Fact-Sheet.pdf
Microsoft,Microsoft corporate operations by region,region,Asia,,FY20,withdrawal,1306.0,ML,1306000000.0,exact,Section 2 detail; not part of the assured Section 1 metrics.,microsoft_2026_environmental_data_factsheet,https://cdn-dynmedia-1.microsoft.com/is/content/microsoftcorp/microsoft/final/en-us/microsoft-brand/documents/2026-Environmental-Data-Fact-Sheet.pdf
Microsoft,Microsoft corporate operations by region,region,Asia,,FY20,consumption,704.0,ML,704000000.0,exact,Section 2 detail; not part of the assured Section 1 metrics.,microsoft_2026_environmental_data_factsheet,https://cdn-dynmedia-1.microsoft.com/is/content/microsoftcorp/microsoft/final/en-us/microsoft-brand/documents/2026-Environmental-Data-Fact-Sheet.pdf
Microsoft,Microsoft corporate operations by region,region,Asia,,FY20,discharge,602.0,ML,602000000.0,exact,Section 2 detail; not part of the assured Section 1 metrics.,microsoft_2026_environmental_data_factsheet,https://cdn-dynmedia-1.microsoft.com/is/content/microsoftcorp/microsoft/final/en-us/microsoft-brand/documents/2026-Environmental-Data-Fact-Sheet.pdf
Microsoft,Microsoft corporate operations by region,region,Asia,,FY21,withdrawal,1657.0,ML,1657000000.0,exact,Section 2 detail; not part of the assured Section 1 metrics.,microsoft_2026_environmental_data_factsheet,https://cdn-dynmedia-1.microsoft.com/is/content/microsoftcorp/microsoft/final/en-us/microsoft-brand/documents/2026-Environmental-Data-Fact-Sheet.pdf
Microsoft,Microsoft corporate operations by region,region,Asia,,FY21,consumption,959.0,ML,959000000.0,exact,Section 2 detail; not part of the assured Section 1 metrics.,microsoft_2026_environmental_data_factsheet,https://cdn-dynmedia-1.microsoft.com/is/content/microsoftcorp/microsoft/final/en-us/microsoft-brand/documents/2026-Environmental-Data-Fact-Sheet.pdf
Microsoft,Microsoft corporate operations by region,region,Asia,,FY21,discharge,698.0,ML,698000000.0,exact,Section 2 detail; not part of the assured Section 1 metrics.,microsoft_2026_environmental_data_factsheet,https://cdn-dynmedia-1.microsoft.com/is/content/microsoftcorp/microsoft/final/en-us/microsoft-brand/documents/2026-Environmental-Data-Fact-Sheet.pdf
Microsoft,Microsoft corporate operations by region,region,Asia,,FY22,withdrawal,2204.0,ML,2204000000.0,exact,Section 2 detail; not part of the assured Section 1 metrics.,microsoft_2026_environmental_data_factsheet,https://cdn-dynmedia-1.microsoft.com/is/content/microsoftcorp/microsoft/final/en-us/microsoft-brand/documents/2026-Environmental-Data-Fact-Sheet.pdf
Microsoft,Microsoft corporate operations by region,region,Asia,,FY22,consumption,1311.0,ML,1311000000.0,exact,Section 2 detail; not part of the assured Section 1 metrics.,microsoft_2026_environmental_data_factsheet,https://cdn-dynmedia-1.microsoft.com/is/content/microsoftcorp/microsoft/final/en-us/microsoft-brand/documents/2026-Environmental-Data-Fact-Sheet.pdf
Microsoft,Microsoft corporate operations by region,region,Asia,,FY22,discharge,893.0,ML,893000000.0,exact,Section 2 detail; not part of the assured Section 1 metrics.,microsoft_2026_environmental_data_factsheet,https://cdn-dynmedia-1.microsoft.com/is/content/microsoftcorp/microsoft/final/en-us/microsoft-brand/documents/2026-Environmental-Data-Fact-Sheet.pdf
Microsoft,Microsoft corporate operations by region,region,Asia,,FY23,withdrawal,2710.0,ML,2710000000.0,exact,Section 2 detail; not part of the assured Section 1 metrics.,microsoft_2026_environmental_data_factsheet,https://cdn-dynmedia-1.microsoft.com/is/content/microsoftcorp/microsoft/final/en-us/microsoft-brand/documents/2026-Environmental-Data-Fact-Sheet.pdf
Microsoft,Microsoft corporate operations by region,region,Asia,,FY23,consumption,1678.0,ML,1678000000.0,exact,Section 2 detail; not part of the assured Section 1 metrics.,microsoft_2026_environmental_data_factsheet,https://cdn-dynmedia-1.microsoft.com/is/content/microsoftcorp/microsoft/final/en-us/microsoft-brand/documents/2026-Environmental-Data-Fact-Sheet.pdf
Microsoft,Microsoft corporate operations by region,region,Asia,,FY23,discharge,1032.0,ML,1032000000.0,exact,Section 2 detail; not part of the assured Section 1 metrics.,microsoft_2026_environmental_data_factsheet,https://cdn-dynmedia-1.microsoft.com/is/content/microsoftcorp/microsoft/final/en-us/microsoft-brand/documents/2026-Environmental-Data-Fact-Sheet.pdf
Microsoft,Microsoft corporate operations by region,region,Asia,,FY24,withdrawal,3370.0,ML,3370000000.0,exact,Section 2 detail; not part of the assured Section 1 metrics.,microsoft_2026_environmental_data_factsheet,https://cdn-dynmedia-1.microsoft.com/is/content/microsoftcorp/microsoft/final/en-us/microsoft-brand/documents/2026-Environmental-Data-Fact-Sheet.pdf
Microsoft,Microsoft corporate operations by region,region,Asia,,FY24,consumption,1953.0,ML,1953000000.0,exact,Section 2 detail; not part of the assured Section 1 metrics.,microsoft_2026_environmental_data_factsheet,https://cdn-dynmedia-1.microsoft.com/is/content/microsoftcorp/microsoft/final/en-us/microsoft-brand/documents/2026-Environmental-Data-Fact-Sheet.pdf
Microsoft,Microsoft corporate operations by region,region,Asia,,FY24,discharge,1417.0,ML,1417000000.0,exact,Section 2 detail; not part of the assured Section 1 metrics.,microsoft_2026_environmental_data_factsheet,https://cdn-dynmedia-1.microsoft.com/is/content/microsoftcorp/microsoft/final/en-us/microsoft-brand/documents/2026-Environmental-Data-Fact-Sheet.pdf
Microsoft,Microsoft corporate operations by region,region,Asia,,FY25,withdrawal,4082.0,ML,4082000000.0,exact,Section 2 detail; not part of the assured Section 1 metrics.,microsoft_2026_environmental_data_factsheet,https://cdn-dynmedia-1.microsoft.com/is/content/microsoftcorp/microsoft/final/en-us/microsoft-brand/documents/2026-Environmental-Data-Fact-Sheet.pdf
Microsoft,Microsoft corporate operations by region,region,Asia,,FY25,consumption,2482.0,ML,2482000000.0,exact,Section 2 detail; not part of the assured Section 1 metrics.,microsoft_2026_environmental_data_factsheet,https://cdn-dynmedia-1.microsoft.com/is/content/microsoftcorp/microsoft/final/en-us/microsoft-brand/documents/2026-Environmental-Data-Fact-Sheet.pdf
Microsoft,Microsoft corporate operations by region,region,Asia,,FY25,discharge,1600.0,ML,1600000000.0,exact,Section 2 detail; not part of the assured Section 1 metrics.,microsoft_2026_environmental_data_factsheet,https://cdn-dynmedia-1.microsoft.com/is/content/microsoftcorp/microsoft/final/en-us/microsoft-brand/documents/2026-Environmental-Data-Fact-Sheet.pdf
Microsoft,Microsoft-owned datacentre location (FY25),site,Atlanta (GA) datacentre,US,FY25,withdrawal,19.0,ML,19000000.0,exact,Excludes commissioning and locations collectively <1% of owned-datacentre withdrawal/electricity; Section 2 detail; not part of the assured Section 1 metrics.,microsoft_2026_environmental_data_factsheet,https://cdn-dynmedia-1.microsoft.com/is/content/microsoftcorp/microsoft/final/en-us/microsoft-brand/documents/2026-Environmental-Data-Fact-Sheet.pdf
Microsoft,Microsoft-owned datacentre location (FY25),site,Auckland datacentre,NZ,FY25,withdrawal,,ML,,less_than,Excludes commissioning and locations collectively <1% of owned-datacentre withdrawal/electricity; Section 2 detail; not part of the assured Section 1 metrics.,microsoft_2026_environmental_data_factsheet,https://cdn-dynmedia-1.microsoft.com/is/content/microsoftcorp/microsoft/final/en-us/microsoft-brand/documents/2026-Environmental-Data-Fact-Sheet.pdf
Microsoft,Microsoft-owned datacentre location (FY25),site,Boydton (VA) datacentre,US,FY25,withdrawal,362.0,ML,362000000.0,exact,Excludes commissioning and locations collectively <1% of owned-datacentre withdrawal/electricity; Section 2 detail; not part of the assured Section 1 metrics.,microsoft_2026_environmental_data_factsheet,https://cdn-dynmedia-1.microsoft.com/is/content/microsoftcorp/microsoft/final/en-us/microsoft-brand/documents/2026-Environmental-Data-Fact-Sheet.pdf
Microsoft,Microsoft-owned datacentre location (FY25),site,Busan datacentre,KR,FY25,withdrawal,7.0,ML,7000000.0,exact,Excludes commissioning and locations collectively <1% of owned-datacentre withdrawal/electricity; Section 2 detail; not part of the assured Section 1 metrics.,microsoft_2026_environmental_data_factsheet,https://cdn-dynmedia-1.microsoft.com/is/content/microsoftcorp/microsoft/final/en-us/microsoft-brand/documents/2026-Environmental-Data-Fact-Sheet.pdf
Microsoft,Microsoft-owned datacentre location (FY25),site,Cheyenne (WY) datacentre,US,FY25,withdrawal,188.0,ML,188000000.0,exact,Excludes commissioning and locations collectively <1% of owned-datacentre withdrawal/electricity; Section 2 detail; not part of the assured Section 1 metrics.,microsoft_2026_environmental_data_factsheet,https://cdn-dynmedia-1.microsoft.com/is/content/microsoftcorp/microsoft/final/en-us/microsoft-brand/documents/2026-Environmental-Data-Fact-Sheet.pdf
Microsoft,Microsoft-owned datacentre location (FY25),site,Chicago (IL) datacentre,US,FY25,withdrawal,204.0,ML,204000000.0,exact,Excludes commissioning and locations collectively <1% of owned-datacentre withdrawal/electricity; Section 2 detail; not part of the assured Section 1 metrics.,microsoft_2026_environmental_data_factsheet,https://cdn-dynmedia-1.microsoft.com/is/content/microsoftcorp/microsoft/final/en-us/microsoft-brand/documents/2026-Environmental-Data-Fact-Sheet.pdf
Microsoft,Microsoft-owned datacentre location (FY25),site,Copenhagen datacentre,DK,FY25,withdrawal,3.0,ML,3000000.0,exact,Excludes commissioning and locations collectively <1% of owned-datacentre withdrawal/electricity; Section 2 detail; not part of the assured Section 1 metrics.,microsoft_2026_environmental_data_factsheet,https://cdn-dynmedia-1.microsoft.com/is/content/microsoftcorp/microsoft/final/en-us/microsoft-brand/documents/2026-Environmental-Data-Fact-Sheet.pdf
Microsoft,Microsoft-owned datacentre location (FY25),site,Des Moines (IA) datacentre,US,FY25,withdrawal,264.0,ML,264000000.0,exact,Excludes commissioning and locations collectively <1% of owned-datacentre withdrawal/electricity; Section 2 detail; not part of the assured Section 1 metrics.,microsoft_2026_environmental_data_factsheet,https://cdn-dynmedia-1.microsoft.com/is/content/microsoftcorp/microsoft/final/en-us/microsoft-brand/documents/2026-Environmental-Data-Fact-Sheet.pdf
Microsoft,Microsoft-owned datacentre location (FY25),site,Dublin datacentre,IE,FY25,withdrawal,18.0,ML,18000000.0,exact,Excludes commissioning and locations collectively <1% of owned-datacentre withdrawal/electricity; Section 2 detail; not part of the assured Section 1 metrics.,microsoft_2026_environmental_data_factsheet,https://cdn-dynmedia-1.microsoft.com/is/content/microsoftcorp/microsoft/final/en-us/microsoft-brand/documents/2026-Environmental-Data-Fact-Sheet.pdf
Microsoft,Microsoft-owned datacentre location (FY25),site,East Wenatchee (WA) datacentre,US,FY25,withdrawal,51.0,ML,51000000.0,exact,Excludes commissioning and locations collectively <1% of owned-datacentre withdrawal/electricity; Section 2 detail; not part of the assured Section 1 metrics.,microsoft_2026_environmental_data_factsheet,https://cdn-dynmedia-1.microsoft.com/is/content/microsoftcorp/microsoft/final/en-us/microsoft-brand/documents/2026-Environmental-Data-Fact-Sheet.pdf
Microsoft,Microsoft corporate operations by region,region,"Europe, Middle East, Africa",,FY20,withdrawal,869.0,ML,869000000.0,exact,Section 2 detail; not part of the assured Section 1 metrics.,microsoft_2026_environmental_data_factsheet,https://cdn-dynmedia-1.microsoft.com/is/content/microsoftcorp/microsoft/final/en-us/microsoft-brand/documents/2026-Environmental-Data-Fact-Sheet.pdf
Microsoft,Microsoft corporate operations by region,region,"Europe, Middle East, Africa",,FY20,consumption,502.0,ML,502000000.0,exact,Section 2 detail; not part of the assured Section 1 metrics.,microsoft_2026_environmental_data_factsheet,https://cdn-dynmedia-1.microsoft.com/is/content/microsoftcorp/microsoft/final/en-us/microsoft-brand/documents/2026-Environmental-Data-Fact-Sheet.pdf
Microsoft,Microsoft corporate operations by region,region,"Europe, Middle East, Africa",,FY20,discharge,367.0,ML,367000000.0,exact,Section 2 detail; not part of the assured Section 1 metrics.,microsoft_2026_environmental_data_factsheet,https://cdn-dynmedia-1.microsoft.com/is/content/microsoftcorp/microsoft/final/en-us/microsoft-brand/documents/2026-Environmental-Data-Fact-Sheet.pdf
Microsoft,Microsoft corporate operations by region,region,"Europe, Middle East, Africa",,FY21,withdrawal,869.0,ML,869000000.0,exact,Section 2 detail; not part of the assured Section 1 metrics.,microsoft_2026_environmental_data_factsheet,https://cdn-dynmedia-1.microsoft.com/is/content/microsoftcorp/microsoft/final/en-us/microsoft-brand/documents/2026-Environmental-Data-Fact-Sheet.pdf
Microsoft,Microsoft corporate operations by region,region,"Europe, Middle East, Africa",,FY21,consumption,506.0,ML,506000000.0,exact,Section 2 detail; not part of the assured Section 1 metrics.,microsoft_2026_environmental_data_factsheet,https://cdn-dynmedia-1.microsoft.com/is/content/microsoftcorp/microsoft/final/en-us/microsoft-brand/documents/2026-Environmental-Data-Fact-Sheet.pdf
Microsoft,Microsoft corporate operations by region,region,"Europe, Middle East, Africa",,FY21,discharge,363.0,ML,363000000.0,exact,Section 2 detail; not part of the assured Section 1 metrics.,microsoft_2026_environmental_data_factsheet,https://cdn-dynmedia-1.microsoft.com/is/content/microsoftcorp/microsoft/final/en-us/microsoft-brand/documents/2026-Environmental-Data-Fact-Sheet.pdf
Microsoft,Microsoft corporate operations by region,region,"Europe, Middle East, Africa",,FY22,withdrawal,1291.0,ML,1291000000.0,exact,Section 2 detail; not part of the assured Section 1 metrics.,microsoft_2026_environmental_data_factsheet,https://cdn-dynmedia-1.microsoft.com/is/content/microsoftcorp/microsoft/final/en-us/microsoft-brand/documents/2026-Environmental-Data-Fact-Sheet.pdf
Microsoft,Microsoft corporate operations by region,region,"Europe, Middle East, Africa",,FY22,consumption,781.0,ML,781000000.0,exact,Section 2 detail; not part of the assured Section 1 metrics.,microsoft_2026_environmental_data_factsheet,https://cdn-dynmedia-1.microsoft.com/is/content/microsoftcorp/microsoft/final/en-us/microsoft-brand/documents/2026-Environmental-Data-Fact-Sheet.pdf
Microsoft,Microsoft corporate operations by region,region,"Europe, Middle East, Africa",,FY22,discharge,510.0,ML,510000000.0,exact,Section 2 detail; not part of the assured Section 1 metrics.,microsoft_2026_environmental_data_factsheet,https://cdn-dynmedia-1.microsoft.com/is/content/microsoftcorp/microsoft/final/en-us/microsoft-brand/documents/2026-Environmental-Data-Fact-Sheet.pdf
Microsoft,Microsoft corporate operations by region,region,"Europe, Middle East, Africa",,FY23,withdrawal,1302.0,ML,1302000000.0,exact,Section 2 detail; not part of the assured Section 1 metrics.,microsoft_2026_environmental_data_factsheet,https://cdn-dynmedia-1.microsoft.com/is/content/microsoftcorp/microsoft/final/en-us/microsoft-brand/documents/2026-Environmental-Data-Fact-Sheet.pdf
Microsoft,Microsoft corporate operations by region,region,"Europe, Middle East, Africa",,FY23,consumption,785.0,ML,785000000.0,exact,Section 2 detail; not part of the assured Section 1 metrics.,microsoft_2026_environmental_data_factsheet,https://cdn-dynmedia-1.microsoft.com/is/content/microsoftcorp/microsoft/final/en-us/microsoft-brand/documents/2026-Environmental-Data-Fact-Sheet.pdf
Microsoft,Microsoft corporate operations by region,region,"Europe, Middle East, Africa",,FY23,discharge,517.0,ML,517000000.0,exact,Section 2 detail; not part of the assured Section 1 metrics.,microsoft_2026_environmental_data_factsheet,https://cdn-dynmedia-1.microsoft.com/is/content/microsoftcorp/microsoft/final/en-us/microsoft-brand/documents/2026-Environmental-Data-Fact-Sheet.pdf
Microsoft,Microsoft corporate operations by region,region,"Europe, Middle East, Africa",,FY24,withdrawal,1197.0,ML,1197000000.0,exact,Section 2 detail; not part of the assured Section 1 metrics.,microsoft_2026_environmental_data_factsheet,https://cdn-dynmedia-1.microsoft.com/is/content/microsoftcorp/microsoft/final/en-us/microsoft-brand/documents/2026-Environmental-Data-Fact-Sheet.pdf
Microsoft,Microsoft corporate operations by region,region,"Europe, Middle East, Africa",,FY24,consumption,710.0,ML,710000000.0,exact,Section 2 detail; not part of the assured Section 1 metrics.,microsoft_2026_environmental_data_factsheet,https://cdn-dynmedia-1.microsoft.com/is/content/microsoftcorp/microsoft/final/en-us/microsoft-brand/documents/2026-Environmental-Data-Fact-Sheet.pdf
Microsoft,Microsoft corporate operations by region,region,"Europe, Middle East, Africa",,FY24,discharge,487.0,ML,487000000.0,exact,Section 2 detail; not part of the assured Section 1 metrics.,microsoft_2026_environmental_data_factsheet,https://cdn-dynmedia-1.microsoft.com/is/content/microsoftcorp/microsoft/final/en-us/microsoft-brand/documents/2026-Environmental-Data-Fact-Sheet.pdf
Microsoft,Microsoft corporate operations by region,region,"Europe, Middle East, Africa",,FY25,withdrawal,1692.0,ML,1692000000.0,exact,Section 2 detail; not part of the assured Section 1 metrics.,microsoft_2026_environmental_data_factsheet,https://cdn-dynmedia-1.microsoft.com/is/content/microsoftcorp/microsoft/final/en-us/microsoft-brand/documents/2026-Environmental-Data-Fact-Sheet.pdf
Microsoft,Microsoft corporate operations by region,region,"Europe, Middle East, Africa",,FY25,consumption,989.0,ML,989000000.0,exact,Section 2 detail; not part of the assured Section 1 metrics.,microsoft_2026_environmental_data_factsheet,https://cdn-dynmedia-1.microsoft.com/is/content/microsoftcorp/microsoft/final/en-us/microsoft-brand/documents/2026-Environmental-Data-Fact-Sheet.pdf
Microsoft,Microsoft corporate operations by region,region,"Europe, Middle East, Africa",,FY25,discharge,703.0,ML,703000000.0,exact,Section 2 detail; not part of the assured Section 1 metrics.,microsoft_2026_environmental_data_factsheet,https://cdn-dynmedia-1.microsoft.com/is/content/microsoftcorp/microsoft/final/en-us/microsoft-brand/documents/2026-Environmental-Data-Fact-Sheet.pdf
Microsoft,Microsoft corporate operations (global),global,Global corporate operations,,FY20,withdrawal,6794.0,ML,6794000000.0,exact,Not Azure-specific; not a product or workload factor,microsoft_2026_environmental_data_factsheet,https://cdn-dynmedia-1.microsoft.com/is/content/microsoftcorp/microsoft/final/en-us/microsoft-brand/documents/2026-Environmental-Data-Fact-Sheet.pdf
Microsoft,"Microsoft corporate operations, third-party water source",global,Global corporate operations,,FY20,withdrawal,6689.0,ML,6689000000.0,exact,Section 2 detail; not part of the assured Section 1 metrics.,microsoft_2026_environmental_data_factsheet,https://cdn-dynmedia-1.microsoft.com/is/content/microsoftcorp/microsoft/final/en-us/microsoft-brand/documents/2026-Environmental-Data-Fact-Sheet.pdf
Microsoft,"Microsoft corporate operations, surface water source",global,Global corporate operations,,FY20,withdrawal,89.0,ML,89000000.0,exact,Section 2 detail; not part of the assured Section 1 metrics.,microsoft_2026_environmental_data_factsheet,https://cdn-dynmedia-1.microsoft.com/is/content/microsoftcorp/microsoft/final/en-us/microsoft-brand/documents/2026-Environmental-Data-Fact-Sheet.pdf
Microsoft,"Microsoft corporate operations, ground water source",global,Global corporate operations,,FY20,withdrawal,16.0,ML,16000000.0,exact,Section 2 detail; not part of the assured Section 1 metrics.,microsoft_2026_environmental_data_factsheet,https://cdn-dynmedia-1.microsoft.com/is/content/microsoftcorp/microsoft/final/en-us/microsoft-brand/documents/2026-Environmental-Data-Fact-Sheet.pdf
Microsoft,Microsoft corporate operations (global),global,Global corporate operations,,FY20,discharge,2804.0,ML,2804000000.0,exact,Not Azure-specific; not a product or workload factor,microsoft_2026_environmental_data_factsheet,https://cdn-dynmedia-1.microsoft.com/is/content/microsoftcorp/microsoft/final/en-us/microsoft-brand/documents/2026-Environmental-Data-Fact-Sheet.pdf
Microsoft,"Microsoft corporate operations, third-party water source",global,Global corporate operations,,FY20,discharge,2804.0,ML,2804000000.0,exact,Section 2 detail; not part of the assured Section 1 metrics.,microsoft_2026_environmental_data_factsheet,https://cdn-dynmedia-1.microsoft.com/is/content/microsoftcorp/microsoft/final/en-us/microsoft-brand/documents/2026-Environmental-Data-Fact-Sheet.pdf
Microsoft,Microsoft corporate operations (global),global,Global corporate operations,,FY20,consumption,3990.0,ML,3990000000.0,exact,Not Azure-specific; not a product or workload factor,microsoft_2026_environmental_data_factsheet,https://cdn-dynmedia-1.microsoft.com/is/content/microsoftcorp/microsoft/final/en-us/microsoft-brand/documents/2026-Environmental-Data-Fact-Sheet.pdf
Microsoft,"Microsoft corporate operations, third-party water source",global,Global corporate operations,,FY20,consumption,3963.0,ML,3963000000.0,exact,Section 2 detail; not part of the assured Section 1 metrics.,microsoft_2026_environmental_data_factsheet,https://cdn-dynmedia-1.microsoft.com/is/content/microsoftcorp/microsoft/final/en-us/microsoft-brand/documents/2026-Environmental-Data-Fact-Sheet.pdf
Microsoft,"Microsoft corporate operations, surface water source",global,Global corporate operations,,FY20,consumption,25.0,ML,25000000.0,exact,Section 2 detail; not part of the assured Section 1 metrics.,microsoft_2026_environmental_data_factsheet,https://cdn-dynmedia-1.microsoft.com/is/content/microsoftcorp/microsoft/final/en-us/microsoft-brand/documents/2026-Environmental-Data-Fact-Sheet.pdf
Microsoft,"Microsoft corporate operations, ground water source",global,Global corporate operations,,FY20,consumption,2.0,ML,2000000.0,exact,Section 2 detail; not part of the assured Section 1 metrics.,microsoft_2026_environmental_data_factsheet,https://cdn-dynmedia-1.microsoft.com/is/content/microsoftcorp/microsoft/final/en-us/microsoft-brand/documents/2026-Environmental-Data-Fact-Sheet.pdf
Microsoft,Microsoft corporate operations (global),global,Global corporate operations,,FY21,withdrawal,7747.0,ML,7747000000.0,exact,Not Azure-specific; not a product or workload factor,microsoft_2026_environmental_data_factsheet,https://cdn-dynmedia-1.microsoft.com/is/content/microsoftcorp/microsoft/final/en-us/microsoft-brand/documents/2026-Environmental-Data-Fact-Sheet.pdf
Microsoft,"Microsoft corporate operations, third-party water source",global,Global corporate operations,,FY21,withdrawal,7690.0,ML,7690000000.0,exact,Section 2 detail; not part of the assured Section 1 metrics.,microsoft_2026_environmental_data_factsheet,https://cdn-dynmedia-1.microsoft.com/is/content/microsoftcorp/microsoft/final/en-us/microsoft-brand/documents/2026-Environmental-Data-Fact-Sheet.pdf
Microsoft,"Microsoft corporate operations, surface water source",global,Global corporate operations,,FY21,withdrawal,41.0,ML,41000000.0,exact,Section 2 detail; not part of the assured Section 1 metrics.,microsoft_2026_environmental_data_factsheet,https://cdn-dynmedia-1.microsoft.com/is/content/microsoftcorp/microsoft/final/en-us/microsoft-brand/documents/2026-Environmental-Data-Fact-Sheet.pdf
Microsoft,"Microsoft corporate operations, ground water source",global,Global corporate operations,,FY21,withdrawal,16.0,ML,16000000.0,exact,Section 2 detail; not part of the assured Section 1 metrics.,microsoft_2026_environmental_data_factsheet,https://cdn-dynmedia-1.microsoft.com/is/content/microsoftcorp/microsoft/final/en-us/microsoft-brand/documents/2026-Environmental-Data-Fact-Sheet.pdf
Microsoft,Microsoft corporate operations (global),global,Global corporate operations,,FY21,discharge,2953.0,ML,2953000000.0,exact,Not Azure-specific; not a product or workload factor,microsoft_2026_environmental_data_factsheet,https://cdn-dynmedia-1.microsoft.com/is/content/microsoftcorp/microsoft/final/en-us/microsoft-brand/documents/2026-Environmental-Data-Fact-Sheet.pdf
Microsoft,"Microsoft corporate operations, third-party water source",global,Global corporate operations,,FY21,discharge,2953.0,ML,2953000000.0,exact,Section 2 detail; not part of the assured Section 1 metrics.,microsoft_2026_environmental_data_factsheet,https://cdn-dynmedia-1.microsoft.com/is/content/microsoftcorp/microsoft/final/en-us/microsoft-brand/documents/2026-Environmental-Data-Fact-Sheet.pdf
Microsoft,Microsoft corporate operations (global),global,Global corporate operations,,FY21,consumption,4794.0,ML,4794000000.0,exact,Not Azure-specific; not a product or workload factor,microsoft_2026_environmental_data_factsheet,https://cdn-dynmedia-1.microsoft.com/is/content/microsoftcorp/microsoft/final/en-us/microsoft-brand/documents/2026-Environmental-Data-Fact-Sheet.pdf
Microsoft,"Microsoft corporate operations, third-party water source",global,Global corporate operations,,FY21,consumption,4785.0,ML,4785000000.0,exact,Section 2 detail; not part of the assured Section 1 metrics.,microsoft_2026_environmental_data_factsheet,https://cdn-dynmedia-1.microsoft.com/is/content/microsoftcorp/microsoft/final/en-us/microsoft-brand/documents/2026-Environmental-Data-Fact-Sheet.pdf
Microsoft,"Microsoft corporate operations, surface water source",global,Global corporate operations,,FY21,consumption,4.0,ML,4000000.0,exact,Section 2 detail; not part of the assured Section 1 metrics.,microsoft_2026_environmental_data_factsheet,https://cdn-dynmedia-1.microsoft.com/is/content/microsoftcorp/microsoft/final/en-us/microsoft-brand/documents/2026-Environmental-Data-Fact-Sheet.pdf
Microsoft,"Microsoft corporate operations, ground water source",global,Global corporate operations,,FY21,consumption,5.0,ML,5000000.0,exact,Section 2 detail; not part of the assured Section 1 metrics.,microsoft_2026_environmental_data_factsheet,https://cdn-dynmedia-1.microsoft.com/is/content/microsoftcorp/microsoft/final/en-us/microsoft-brand/documents/2026-Environmental-Data-Fact-Sheet.pdf
Microsoft,Microsoft corporate operations (global),global,Global corporate operations,,FY22,withdrawal,8698.0,ML,8698000000.0,exact,Not Azure-specific; not a product or workload factor,microsoft_2026_environmental_data_factsheet,https://cdn-dynmedia-1.microsoft.com/is/content/microsoftcorp/microsoft/final/en-us/microsoft-brand/documents/2026-Environmental-Data-Fact-Sheet.pdf
Microsoft,"Microsoft corporate operations, third-party water source",global,Global corporate operations,,FY22,withdrawal,8657.0,ML,8657000000.0,exact,Section 2 detail; not part of the assured Section 1 metrics.,microsoft_2026_environmental_data_factsheet,https://cdn-dynmedia-1.microsoft.com/is/content/microsoftcorp/microsoft/final/en-us/microsoft-brand/documents/2026-Environmental-Data-Fact-Sheet.pdf
Microsoft,"Microsoft corporate operations, surface water source",global,Global corporate operations,,FY22,withdrawal,39.0,ML,39000000.0,exact,Section 2 detail; not part of the assured Section 1 metrics.,microsoft_2026_environmental_data_factsheet,https://cdn-dynmedia-1.microsoft.com/is/content/microsoftcorp/microsoft/final/en-us/microsoft-brand/documents/2026-Environmental-Data-Fact-Sheet.pdf
Microsoft,"Microsoft corporate operations, ground water source",global,Global corporate operations,,FY22,withdrawal,2.0,ML,2000000.0,exact,Section 2 detail; not part of the assured Section 1 metrics.,microsoft_2026_environmental_data_factsheet,https://cdn-dynmedia-1.microsoft.com/is/content/microsoftcorp/microsoft/final/en-us/microsoft-brand/documents/2026-Environmental-Data-Fact-Sheet.pdf
Microsoft,Microsoft corporate operations (global),global,Global corporate operations,,FY22,discharge,3369.0,ML,3369000000.0,exact,Not Azure-specific; not a product or workload factor,microsoft_2026_environmental_data_factsheet,https://cdn-dynmedia-1.microsoft.com/is/content/microsoftcorp/microsoft/final/en-us/microsoft-brand/documents/2026-Environmental-Data-Fact-Sheet.pdf
Microsoft,"Microsoft corporate operations, third-party water source",global,Global corporate operations,,FY22,discharge,3369.0,ML,3369000000.0,exact,Section 2 detail; not part of the assured Section 1 metrics.,microsoft_2026_environmental_data_factsheet,https://cdn-dynmedia-1.microsoft.com/is/content/microsoftcorp/microsoft/final/en-us/microsoft-brand/documents/2026-Environmental-Data-Fact-Sheet.pdf
Microsoft,Microsoft corporate operations (global),global,Global corporate operations,,FY22,consumption,5329.0,ML,5329000000.0,exact,Not Azure-specific; not a product or workload factor,microsoft_2026_environmental_data_factsheet,https://cdn-dynmedia-1.microsoft.com/is/content/microsoftcorp/microsoft/final/en-us/microsoft-brand/documents/2026-Environmental-Data-Fact-Sheet.pdf
Microsoft,"Microsoft corporate operations, third-party water source",global,Global corporate operations,,FY22,consumption,5324.0,ML,5324000000.0,exact,Section 2 detail; not part of the assured Section 1 metrics.,microsoft_2026_environmental_data_factsheet,https://cdn-dynmedia-1.microsoft.com/is/content/microsoftcorp/microsoft/final/en-us/microsoft-brand/documents/2026-Environmental-Data-Fact-Sheet.pdf
Microsoft,"Microsoft corporate operations, surface water source",global,Global corporate operations,,FY22,consumption,4.0,ML,4000000.0,exact,Section 2 detail; not part of the assured Section 1 metrics.,microsoft_2026_environmental_data_factsheet,https://cdn-dynmedia-1.microsoft.com/is/content/microsoftcorp/microsoft/final/en-us/microsoft-brand/documents/2026-Environmental-Data-Fact-Sheet.pdf
Microsoft,"Microsoft corporate operations, ground water source",global,Global corporate operations,,FY22,consumption,1.0,ML,1000000.0,exact,Section 2 detail; not part of the assured Section 1 metrics.,microsoft_2026_environmental_data_factsheet,https://cdn-dynmedia-1.microsoft.com/is/content/microsoftcorp/microsoft/final/en-us/microsoft-brand/documents/2026-Environmental-Data-Fact-Sheet.pdf
Microsoft,Microsoft corporate operations (global),global,Global corporate operations,,FY23,withdrawal,9666.0,ML,9666000000.0,exact,Not Azure-specific; not a product or workload factor,microsoft_2026_environmental_data_factsheet,https://cdn-dynmedia-1.microsoft.com/is/content/microsoftcorp/microsoft/final/en-us/microsoft-brand/documents/2026-Environmental-Data-Fact-Sheet.pdf
Microsoft,"Microsoft corporate operations, third-party water source",global,Global corporate operations,,FY23,withdrawal,9641.0,ML,9641000000.0,exact,Section 2 detail; not part of the assured Section 1 metrics.,microsoft_2026_environmental_data_factsheet,https://cdn-dynmedia-1.microsoft.com/is/content/microsoftcorp/microsoft/final/en-us/microsoft-brand/documents/2026-Environmental-Data-Fact-Sheet.pdf
Microsoft,"Microsoft corporate operations, surface water source",global,Global corporate operations,,FY23,withdrawal,21.0,ML,21000000.0,exact,Section 2 detail; not part of the assured Section 1 metrics.,microsoft_2026_environmental_data_factsheet,https://cdn-dynmedia-1.microsoft.com/is/content/microsoftcorp/microsoft/final/en-us/microsoft-brand/documents/2026-Environmental-Data-Fact-Sheet.pdf
Microsoft,"Microsoft corporate operations, ground water source",global,Global corporate operations,,FY23,withdrawal,4.0,ML,4000000.0,exact,Section 2 detail; not part of the assured Section 1 metrics.,microsoft_2026_environmental_data_factsheet,https://cdn-dynmedia-1.microsoft.com/is/content/microsoftcorp/microsoft/final/en-us/microsoft-brand/documents/2026-Environmental-Data-Fact-Sheet.pdf
Microsoft,Microsoft corporate operations (global),global,Global corporate operations,,FY23,discharge,3848.0,ML,3848000000.0,exact,Not Azure-specific; not a product or workload factor,microsoft_2026_environmental_data_factsheet,https://cdn-dynmedia-1.microsoft.com/is/content/microsoftcorp/microsoft/final/en-us/microsoft-brand/documents/2026-Environmental-Data-Fact-Sheet.pdf
Microsoft,"Microsoft corporate operations, third-party water source",global,Global corporate operations,,FY23,discharge,3848.0,ML,3848000000.0,exact,Section 2 detail; not part of the assured Section 1 metrics.,microsoft_2026_environmental_data_factsheet,https://cdn-dynmedia-1.microsoft.com/is/content/microsoftcorp/microsoft/final/en-us/microsoft-brand/documents/2026-Environmental-Data-Fact-Sheet.pdf
Microsoft,Microsoft corporate operations (global),global,Global corporate operations,,FY23,consumption,5818.0,ML,5818000000.0,exact,Not Azure-specific; not a product or workload factor,microsoft_2026_environmental_data_factsheet,https://cdn-dynmedia-1.microsoft.com/is/content/microsoftcorp/microsoft/final/en-us/microsoft-brand/documents/2026-Environmental-Data-Fact-Sheet.pdf
Microsoft,"Microsoft corporate operations, third-party water source",global,Global corporate operations,,FY23,consumption,5815.0,ML,5815000000.0,exact,Section 2 detail; not part of the assured Section 1 metrics.,microsoft_2026_environmental_data_factsheet,https://cdn-dynmedia-1.microsoft.com/is/content/microsoftcorp/microsoft/final/en-us/microsoft-brand/documents/2026-Environmental-Data-Fact-Sheet.pdf
Microsoft,"Microsoft corporate operations, surface water source",global,Global corporate operations,,FY23,consumption,2.0,ML,2000000.0,exact,Section 2 detail; not part of the assured Section 1 metrics.,microsoft_2026_environmental_data_factsheet,https://cdn-dynmedia-1.microsoft.com/is/content/microsoftcorp/microsoft/final/en-us/microsoft-brand/documents/2026-Environmental-Data-Fact-Sheet.pdf
Microsoft,"Microsoft corporate operations, ground water source",global,Global corporate operations,,FY23,consumption,1.0,ML,1000000.0,exact,Section 2 detail; not part of the assured Section 1 metrics.,microsoft_2026_environmental_data_factsheet,https://cdn-dynmedia-1.microsoft.com/is/content/microsoftcorp/microsoft/final/en-us/microsoft-brand/documents/2026-Environmental-Data-Fact-Sheet.pdf
Microsoft,Microsoft corporate operations (global),global,Global corporate operations,,FY24,withdrawal,11590.0,ML,11590000000.0,exact,Not Azure-specific; not a product or workload factor,microsoft_2026_environmental_data_factsheet,https://cdn-dynmedia-1.microsoft.com/is/content/microsoftcorp/microsoft/final/en-us/microsoft-brand/documents/2026-Environmental-Data-Fact-Sheet.pdf
Microsoft,"Microsoft corporate operations, third-party water source",global,Global corporate operations,,FY24,withdrawal,11500.0,ML,11500000000.0,exact,Section 2 detail; not part of the assured Section 1 metrics.,microsoft_2026_environmental_data_factsheet,https://cdn-dynmedia-1.microsoft.com/is/content/microsoftcorp/microsoft/final/en-us/microsoft-brand/documents/2026-Environmental-Data-Fact-Sheet.pdf
Microsoft,"Microsoft corporate operations, surface water source",global,Global corporate operations,,FY24,withdrawal,53.0,ML,53000000.0,exact,Section 2 detail; not part of the assured Section 1 metrics.,microsoft_2026_environmental_data_factsheet,https://cdn-dynmedia-1.microsoft.com/is/content/microsoftcorp/microsoft/final/en-us/microsoft-brand/documents/2026-Environmental-Data-Fact-Sheet.pdf
Microsoft,"Microsoft corporate operations, ground water source",global,Global corporate operations,,FY24,withdrawal,37.0,ML,37000000.0,exact,Section 2 detail; not part of the assured Section 1 metrics.,microsoft_2026_environmental_data_factsheet,https://cdn-dynmedia-1.microsoft.com/is/content/microsoftcorp/microsoft/final/en-us/microsoft-brand/documents/2026-Environmental-Data-Fact-Sheet.pdf
Microsoft,Microsoft corporate operations (global),global,Global corporate operations,,FY24,discharge,4897.0,ML,4897000000.0,exact,Not Azure-specific; not a product or workload factor,microsoft_2026_environmental_data_factsheet,https://cdn-dynmedia-1.microsoft.com/is/content/microsoftcorp/microsoft/final/en-us/microsoft-brand/documents/2026-Environmental-Data-Fact-Sheet.pdf
Microsoft,"Microsoft corporate operations, third-party water source",global,Global corporate operations,,FY24,discharge,4897.0,ML,4897000000.0,exact,Section 2 detail; not part of the assured Section 1 metrics.,microsoft_2026_environmental_data_factsheet,https://cdn-dynmedia-1.microsoft.com/is/content/microsoftcorp/microsoft/final/en-us/microsoft-brand/documents/2026-Environmental-Data-Fact-Sheet.pdf
Microsoft,Microsoft corporate operations (global),global,Global corporate operations,,FY24,consumption,6693.0,ML,6693000000.0,exact,Not Azure-specific; not a product or workload factor,microsoft_2026_environmental_data_factsheet,https://cdn-dynmedia-1.microsoft.com/is/content/microsoftcorp/microsoft/final/en-us/microsoft-brand/documents/2026-Environmental-Data-Fact-Sheet.pdf
Microsoft,"Microsoft corporate operations, third-party water source",global,Global corporate operations,,FY24,consumption,6661.0,ML,6661000000.0,exact,Section 2 detail; not part of the assured Section 1 metrics.,microsoft_2026_environmental_data_factsheet,https://cdn-dynmedia-1.microsoft.com/is/content/microsoftcorp/microsoft/final/en-us/microsoft-brand/documents/2026-Environmental-Data-Fact-Sheet.pdf
Microsoft,"Microsoft corporate operations, surface water source",global,Global corporate operations,,FY24,consumption,19.0,ML,19000000.0,exact,Section 2 detail; not part of the assured Section 1 metrics.,microsoft_2026_environmental_data_factsheet,https://cdn-dynmedia-1.microsoft.com/is/content/microsoftcorp/microsoft/final/en-us/microsoft-brand/documents/2026-Environmental-Data-Fact-Sheet.pdf
Microsoft,"Microsoft corporate operations, ground water source",global,Global corporate operations,,FY24,consumption,13.0,ML,13000000.0,exact,Section 2 detail; not part of the assured Section 1 metrics.,microsoft_2026_environmental_data_factsheet,https://cdn-dynmedia-1.microsoft.com/is/content/microsoftcorp/microsoft/final/en-us/microsoft-brand/documents/2026-Environmental-Data-Fact-Sheet.pdf
Microsoft,Microsoft corporate operations (global),global,Global corporate operations,,FY25,withdrawal,13266.0,ML,13266000000.0,exact,Not Azure-specific; not a product or workload factor,microsoft_2026_environmental_data_factsheet,https://cdn-dynmedia-1.microsoft.com/is/content/microsoftcorp/microsoft/final/en-us/microsoft-brand/documents/2026-Environmental-Data-Fact-Sheet.pdf
Microsoft,"Microsoft corporate operations, third-party water source",global,Global corporate operations,,FY25,withdrawal,13192.0,ML,13192000000.0,exact,Section 2 detail; not part of the assured Section 1 metrics.,microsoft_2026_environmental_data_factsheet,https://cdn-dynmedia-1.microsoft.com/is/content/microsoftcorp/microsoft/final/en-us/microsoft-brand/documents/2026-Environmental-Data-Fact-Sheet.pdf
Microsoft,"Microsoft corporate operations, surface water source",global,Global corporate operations,,FY25,withdrawal,45.0,ML,45000000.0,exact,Section 2 detail; not part of the assured Section 1 metrics.,microsoft_2026_environmental_data_factsheet,https://cdn-dynmedia-1.microsoft.com/is/content/microsoftcorp/microsoft/final/en-us/microsoft-brand/documents/2026-Environmental-Data-Fact-Sheet.pdf
Microsoft,"Microsoft corporate operations, ground water source",global,Global corporate operations,,FY25,withdrawal,29.0,ML,29000000.0,exact,Section 2 detail; not part of the assured Section 1 metrics.,microsoft_2026_environmental_data_factsheet,https://cdn-dynmedia-1.microsoft.com/is/content/microsoftcorp/microsoft/final/en-us/microsoft-brand/documents/2026-Environmental-Data-Fact-Sheet.pdf
Microsoft,Microsoft corporate operations (global),global,Global corporate operations,,FY25,discharge,5096.0,ML,5096000000.0,exact,Not Azure-specific; not a product or workload factor,microsoft_2026_environmental_data_factsheet,https://cdn-dynmedia-1.microsoft.com/is/content/microsoftcorp/microsoft/final/en-us/microsoft-brand/documents/2026-Environmental-Data-Fact-Sheet.pdf
Microsoft,"Microsoft corporate operations, third-party water source",global,Global corporate operations,,FY25,discharge,5096.0,ML,5096000000.0,exact,Section 2 detail; not part of the assured Section 1 metrics.,microsoft_2026_environmental_data_factsheet,https://cdn-dynmedia-1.microsoft.com/is/content/microsoftcorp/microsoft/final/en-us/microsoft-brand/documents/2026-Environmental-Data-Fact-Sheet.pdf
Microsoft,Microsoft corporate operations (global),global,Global corporate operations,,FY25,consumption,8170.0,ML,8170000000.0,exact,Not Azure-specific; not a product or workload factor,microsoft_2026_environmental_data_factsheet,https://cdn-dynmedia-1.microsoft.com/is/content/microsoftcorp/microsoft/final/en-us/microsoft-brand/documents/2026-Environmental-Data-Fact-Sheet.pdf
Microsoft,"Microsoft corporate operations, third-party water source",global,Global corporate operations,,FY25,consumption,8162.0,ML,8162000000.0,exact,Section 2 detail; not part of the assured Section 1 metrics.,microsoft_2026_environmental_data_factsheet,https://cdn-dynmedia-1.microsoft.com/is/content/microsoftcorp/microsoft/final/en-us/microsoft-brand/documents/2026-Environmental-Data-Fact-Sheet.pdf
Microsoft,"Microsoft corporate operations, surface water source",global,Global corporate operations,,FY25,consumption,5.0,ML,5000000.0,exact,Section 2 detail; not part of the assured Section 1 metrics.,microsoft_2026_environmental_data_factsheet,https://cdn-dynmedia-1.microsoft.com/is/content/microsoftcorp/microsoft/final/en-us/microsoft-brand/documents/2026-Environmental-Data-Fact-Sheet.pdf
Microsoft,"Microsoft corporate operations, ground water source",global,Global corporate operations,,FY25,consumption,3.0,ML,3000000.0,exact,Section 2 detail; not part of the assured Section 1 metrics.,microsoft_2026_environmental_data_factsheet,https://cdn-dynmedia-1.microsoft.com/is/content/microsoftcorp/microsoft/final/en-us/microsoft-brand/documents/2026-Environmental-Data-Fact-Sheet.pdf
Microsoft,Microsoft corporate operations in water-stressed areas,global,Global corporate operations in high/extremely-high baseline water stress (WRI Aqueduct),,FY25,withdrawal,6659.0,ML,6659000000.0,exact,,microsoft_2026_environmental_data_factsheet,https://cdn-dynmedia-1.microsoft.com/is/content/microsoftcorp/microsoft/final/en-us/microsoft-brand/documents/2026-Environmental-Data-Fact-Sheet.pdf
Microsoft,Microsoft corporate operations in water-stressed areas,global,Global corporate operations in high/extremely-high baseline water stress (WRI Aqueduct),,FY25,discharge,2733.0,ML,2733000000.0,exact,,microsoft_2026_environmental_data_factsheet,https://cdn-dynmedia-1.microsoft.com/is/content/microsoftcorp/microsoft/final/en-us/microsoft-brand/documents/2026-Environmental-Data-Fact-Sheet.pdf
Microsoft,Microsoft corporate operations in water-stressed areas,global,Global corporate operations in high/extremely-high baseline water stress (WRI Aqueduct),,FY25,consumption,3926.0,ML,3926000000.0,exact,,microsoft_2026_environmental_data_factsheet,https://cdn-dynmedia-1.microsoft.com/is/content/microsoftcorp/microsoft/final/en-us/microsoft-brand/documents/2026-Environmental-Data-Fact-Sheet.pdf
Microsoft,Microsoft-owned datacentre location (FY25),site,Gävle-Sandviken datacentre,SE,FY25,withdrawal,14.0,ML,14000000.0,exact,Excludes commissioning and locations collectively <1% of owned-datacentre withdrawal/electricity; Section 2 detail; not part of the assured Section 1 metrics.,microsoft_2026_environmental_data_factsheet,https://cdn-dynmedia-1.microsoft.com/is/content/microsoftcorp/microsoft/final/en-us/microsoft-brand/documents/2026-Environmental-Data-Fact-Sheet.pdf
Microsoft,Microsoft-owned datacentre location (FY25),site,Hollands Kroon datacentre,NL,FY25,withdrawal,46.0,ML,46000000.0,exact,Excludes commissioning and locations collectively <1% of owned-datacentre withdrawal/electricity; Section 2 detail; not part of the assured Section 1 metrics.,microsoft_2026_environmental_data_factsheet,https://cdn-dynmedia-1.microsoft.com/is/content/microsoftcorp/microsoft/final/en-us/microsoft-brand/documents/2026-Environmental-Data-Fact-Sheet.pdf
Microsoft,Microsoft-owned datacentre location (FY25),site,Jakarta datacentre,ID,FY25,withdrawal,84.0,ML,84000000.0,exact,Excludes commissioning and locations collectively <1% of owned-datacentre withdrawal/electricity; Section 2 detail; not part of the assured Section 1 metrics.,microsoft_2026_environmental_data_factsheet,https://cdn-dynmedia-1.microsoft.com/is/content/microsoftcorp/microsoft/final/en-us/microsoft-brand/documents/2026-Environmental-Data-Fact-Sheet.pdf
Microsoft,Microsoft-owned datacentre location (FY25),site,Kuala Lumpur datacentre,MY,FY25,withdrawal,23.0,ML,23000000.0,exact,Excludes commissioning and locations collectively <1% of owned-datacentre withdrawal/electricity; Section 2 detail; not part of the assured Section 1 metrics.,microsoft_2026_environmental_data_factsheet,https://cdn-dynmedia-1.microsoft.com/is/content/microsoftcorp/microsoft/final/en-us/microsoft-brand/documents/2026-Environmental-Data-Fact-Sheet.pdf
Microsoft,Microsoft corporate operations by region,region,Latin America,,FY20,withdrawal,23.0,ML,23000000.0,exact,Section 2 detail; not part of the assured Section 1 metrics.,microsoft_2026_environmental_data_factsheet,https://cdn-dynmedia-1.microsoft.com/is/content/microsoftcorp/microsoft/final/en-us/microsoft-brand/documents/2026-Environmental-Data-Fact-Sheet.pdf
Microsoft,Microsoft corporate operations by region,region,Latin America,,FY20,consumption,9.0,ML,9000000.0,exact,Section 2 detail; not part of the assured Section 1 metrics.,microsoft_2026_environmental_data_factsheet,https://cdn-dynmedia-1.microsoft.com/is/content/microsoftcorp/microsoft/final/en-us/microsoft-brand/documents/2026-Environmental-Data-Fact-Sheet.pdf
Microsoft,Microsoft corporate operations by region,region,Latin America,,FY20,discharge,14.0,ML,14000000.0,exact,Section 2 detail; not part of the assured Section 1 metrics.,microsoft_2026_environmental_data_factsheet,https://cdn-dynmedia-1.microsoft.com/is/content/microsoftcorp/microsoft/final/en-us/microsoft-brand/documents/2026-Environmental-Data-Fact-Sheet.pdf
Microsoft,Microsoft corporate operations by region,region,Latin America,,FY21,withdrawal,48.0,ML,48000000.0,exact,Section 2 detail; not part of the assured Section 1 metrics.,microsoft_2026_environmental_data_factsheet,https://cdn-dynmedia-1.microsoft.com/is/content/microsoftcorp/microsoft/final/en-us/microsoft-brand/documents/2026-Environmental-Data-Fact-Sheet.pdf
Microsoft,Microsoft corporate operations by region,region,Latin America,,FY21,consumption,25.0,ML,25000000.0,exact,Section 2 detail; not part of the assured Section 1 metrics.,microsoft_2026_environmental_data_factsheet,https://cdn-dynmedia-1.microsoft.com/is/content/microsoftcorp/microsoft/final/en-us/microsoft-brand/documents/2026-Environmental-Data-Fact-Sheet.pdf
Microsoft,Microsoft corporate operations by region,region,Latin America,,FY21,discharge,23.0,ML,23000000.0,exact,Section 2 detail; not part of the assured Section 1 metrics.,microsoft_2026_environmental_data_factsheet,https://cdn-dynmedia-1.microsoft.com/is/content/microsoftcorp/microsoft/final/en-us/microsoft-brand/documents/2026-Environmental-Data-Fact-Sheet.pdf
Microsoft,Microsoft corporate operations by region,region,Latin America,,FY22,withdrawal,58.0,ML,58000000.0,exact,Section 2 detail; not part of the assured Section 1 metrics.,microsoft_2026_environmental_data_factsheet,https://cdn-dynmedia-1.microsoft.com/is/content/microsoftcorp/microsoft/final/en-us/microsoft-brand/documents/2026-Environmental-Data-Fact-Sheet.pdf
Microsoft,Microsoft corporate operations by region,region,Latin America,,FY22,consumption,30.0,ML,30000000.0,exact,Section 2 detail; not part of the assured Section 1 metrics.,microsoft_2026_environmental_data_factsheet,https://cdn-dynmedia-1.microsoft.com/is/content/microsoftcorp/microsoft/final/en-us/microsoft-brand/documents/2026-Environmental-Data-Fact-Sheet.pdf
Microsoft,Microsoft corporate operations by region,region,Latin America,,FY22,discharge,28.0,ML,28000000.0,exact,Section 2 detail; not part of the assured Section 1 metrics.,microsoft_2026_environmental_data_factsheet,https://cdn-dynmedia-1.microsoft.com/is/content/microsoftcorp/microsoft/final/en-us/microsoft-brand/documents/2026-Environmental-Data-Fact-Sheet.pdf
Microsoft,Microsoft corporate operations by region,region,Latin America,,FY23,withdrawal,70.0,ML,70000000.0,exact,Section 2 detail; not part of the assured Section 1 metrics.,microsoft_2026_environmental_data_factsheet,https://cdn-dynmedia-1.microsoft.com/is/content/microsoftcorp/microsoft/final/en-us/microsoft-brand/documents/2026-Environmental-Data-Fact-Sheet.pdf
Microsoft,Microsoft corporate operations by region,region,Latin America,,FY23,consumption,37.0,ML,37000000.0,exact,Section 2 detail; not part of the assured Section 1 metrics.,microsoft_2026_environmental_data_factsheet,https://cdn-dynmedia-1.microsoft.com/is/content/microsoftcorp/microsoft/final/en-us/microsoft-brand/documents/2026-Environmental-Data-Fact-Sheet.pdf
Microsoft,Microsoft corporate operations by region,region,Latin America,,FY23,discharge,33.0,ML,33000000.0,exact,Section 2 detail; not part of the assured Section 1 metrics.,microsoft_2026_environmental_data_factsheet,https://cdn-dynmedia-1.microsoft.com/is/content/microsoftcorp/microsoft/final/en-us/microsoft-brand/documents/2026-Environmental-Data-Fact-Sheet.pdf
Microsoft,Microsoft corporate operations by region,region,Latin America,,FY24,withdrawal,21.0,ML,21000000.0,exact,Section 2 detail; not part of the assured Section 1 metrics.,microsoft_2026_environmental_data_factsheet,https://cdn-dynmedia-1.microsoft.com/is/content/microsoftcorp/microsoft/final/en-us/microsoft-brand/documents/2026-Environmental-Data-Fact-Sheet.pdf
Microsoft,Microsoft corporate operations by region,region,Latin America,,FY24,consumption,7.0,ML,7000000.0,exact,Section 2 detail; not part of the assured Section 1 metrics.,microsoft_2026_environmental_data_factsheet,https://cdn-dynmedia-1.microsoft.com/is/content/microsoftcorp/microsoft/final/en-us/microsoft-brand/documents/2026-Environmental-Data-Fact-Sheet.pdf
Microsoft,Microsoft corporate operations by region,region,Latin America,,FY24,discharge,14.0,ML,14000000.0,exact,Section 2 detail; not part of the assured Section 1 metrics.,microsoft_2026_environmental_data_factsheet,https://cdn-dynmedia-1.microsoft.com/is/content/microsoftcorp/microsoft/final/en-us/microsoft-brand/documents/2026-Environmental-Data-Fact-Sheet.pdf
Microsoft,Microsoft corporate operations by region,region,Latin America,,FY25,withdrawal,126.0,ML,126000000.0,exact,Section 2 detail; not part of the assured Section 1 metrics.,microsoft_2026_environmental_data_factsheet,https://cdn-dynmedia-1.microsoft.com/is/content/microsoftcorp/microsoft/final/en-us/microsoft-brand/documents/2026-Environmental-Data-Fact-Sheet.pdf
Microsoft,Microsoft corporate operations by region,region,Latin America,,FY25,consumption,80.0,ML,80000000.0,exact,Section 2 detail; not part of the assured Section 1 metrics.,microsoft_2026_environmental_data_factsheet,https://cdn-dynmedia-1.microsoft.com/is/content/microsoftcorp/microsoft/final/en-us/microsoft-brand/documents/2026-Environmental-Data-Fact-Sheet.pdf
Microsoft,Microsoft corporate operations by region,region,Latin America,,FY25,discharge,46.0,ML,46000000.0,exact,Section 2 detail; not part of the assured Section 1 metrics.,microsoft_2026_environmental_data_factsheet,https://cdn-dynmedia-1.microsoft.com/is/content/microsoftcorp/microsoft/final/en-us/microsoft-brand/documents/2026-Environmental-Data-Fact-Sheet.pdf
Microsoft,Microsoft-owned datacentre location (FY25),site,Madrid datacentre,ES,FY25,withdrawal,15.0,ML,15000000.0,exact,Excludes commissioning and locations collectively <1% of owned-datacentre withdrawal/electricity; Section 2 detail; not part of the assured Section 1 metrics.,microsoft_2026_environmental_data_factsheet,https://cdn-dynmedia-1.microsoft.com/is/content/microsoftcorp/microsoft/final/en-us/microsoft-brand/documents/2026-Environmental-Data-Fact-Sheet.pdf
Microsoft,Microsoft-owned datacentre location (FY25),site,Malmo datacentre,SE,FY25,withdrawal,1.0,ML,1000000.0,exact,Excludes commissioning and locations collectively <1% of owned-datacentre withdrawal/electricity; Section 2 detail; not part of the assured Section 1 metrics.,microsoft_2026_environmental_data_factsheet,https://cdn-dynmedia-1.microsoft.com/is/content/microsoftcorp/microsoft/final/en-us/microsoft-brand/documents/2026-Environmental-Data-Fact-Sheet.pdf
Microsoft,Microsoft-owned datacentre location (FY25),site,Manassas (VA) datacentre,US,FY25,withdrawal,11.0,ML,11000000.0,exact,Excludes commissioning and locations collectively <1% of owned-datacentre withdrawal/electricity; Section 2 detail; not part of the assured Section 1 metrics.,microsoft_2026_environmental_data_factsheet,https://cdn-dynmedia-1.microsoft.com/is/content/microsoftcorp/microsoft/final/en-us/microsoft-brand/documents/2026-Environmental-Data-Fact-Sheet.pdf
Microsoft,Microsoft-owned datacentre location (FY25),site,Melbourne datacentre,AU,FY25,withdrawal,9.0,ML,9000000.0,exact,Excludes commissioning and locations collectively <1% of owned-datacentre withdrawal/electricity; Section 2 detail; not part of the assured Section 1 metrics.,microsoft_2026_environmental_data_factsheet,https://cdn-dynmedia-1.microsoft.com/is/content/microsoftcorp/microsoft/final/en-us/microsoft-brand/documents/2026-Environmental-Data-Fact-Sheet.pdf
Microsoft,Microsoft-owned datacentre location (FY25),site,Milan datacentre,IT,FY25,withdrawal,6.0,ML,6000000.0,exact,Excludes commissioning and locations collectively <1% of owned-datacentre withdrawal/electricity; Section 2 detail; not part of the assured Section 1 metrics.,microsoft_2026_environmental_data_factsheet,https://cdn-dynmedia-1.microsoft.com/is/content/microsoftcorp/microsoft/final/en-us/microsoft-brand/documents/2026-Environmental-Data-Fact-Sheet.pdf
Microsoft,Microsoft corporate operations by region,region,North America,,FY20,withdrawal,4596.0,ML,4596000000.0,exact,Section 2 detail; not part of the assured Section 1 metrics.,microsoft_2026_environmental_data_factsheet,https://cdn-dynmedia-1.microsoft.com/is/content/microsoftcorp/microsoft/final/en-us/microsoft-brand/documents/2026-Environmental-Data-Fact-Sheet.pdf
Microsoft,Microsoft corporate operations by region,region,North America,,FY20,consumption,2775.0,ML,2775000000.0,exact,Section 2 detail; not part of the assured Section 1 metrics.,microsoft_2026_environmental_data_factsheet,https://cdn-dynmedia-1.microsoft.com/is/content/microsoftcorp/microsoft/final/en-us/microsoft-brand/documents/2026-Environmental-Data-Fact-Sheet.pdf
Microsoft,Microsoft corporate operations by region,region,North America,,FY20,discharge,1821.0,ML,1821000000.0,exact,Section 2 detail; not part of the assured Section 1 metrics.,microsoft_2026_environmental_data_factsheet,https://cdn-dynmedia-1.microsoft.com/is/content/microsoftcorp/microsoft/final/en-us/microsoft-brand/documents/2026-Environmental-Data-Fact-Sheet.pdf
Microsoft,Microsoft corporate operations by region,region,North America,,FY21,withdrawal,5173.0,ML,5173000000.0,exact,Section 2 detail; not part of the assured Section 1 metrics.,microsoft_2026_environmental_data_factsheet,https://cdn-dynmedia-1.microsoft.com/is/content/microsoftcorp/microsoft/final/en-us/microsoft-brand/documents/2026-Environmental-Data-Fact-Sheet.pdf
Microsoft,Microsoft corporate operations by region,region,North America,,FY21,consumption,3304.0,ML,3304000000.0,exact,Section 2 detail; not part of the assured Section 1 metrics.,microsoft_2026_environmental_data_factsheet,https://cdn-dynmedia-1.microsoft.com/is/content/microsoftcorp/microsoft/final/en-us/microsoft-brand/documents/2026-Environmental-Data-Fact-Sheet.pdf
Microsoft,Microsoft corporate operations by region,region,North America,,FY21,discharge,1869.0,ML,1869000000.0,exact,Section 2 detail; not part of the assured Section 1 metrics.,microsoft_2026_environmental_data_factsheet,https://cdn-dynmedia-1.microsoft.com/is/content/microsoftcorp/microsoft/final/en-us/microsoft-brand/documents/2026-Environmental-Data-Fact-Sheet.pdf
Microsoft,Microsoft corporate operations by region,region,North America,,FY22,withdrawal,5145.0,ML,5145000000.0,exact,Section 2 detail; not part of the assured Section 1 metrics.,microsoft_2026_environmental_data_factsheet,https://cdn-dynmedia-1.microsoft.com/is/content/microsoftcorp/microsoft/final/en-us/microsoft-brand/documents/2026-Environmental-Data-Fact-Sheet.pdf
Microsoft,Microsoft corporate operations by region,region,North America,,FY22,consumption,3207.0,ML,3207000000.0,exact,Section 2 detail; not part of the assured Section 1 metrics.,microsoft_2026_environmental_data_factsheet,https://cdn-dynmedia-1.microsoft.com/is/content/microsoftcorp/microsoft/final/en-us/microsoft-brand/documents/2026-Environmental-Data-Fact-Sheet.pdf
Microsoft,Microsoft corporate operations by region,region,North America,,FY22,discharge,1938.0,ML,1938000000.0,exact,Section 2 detail; not part of the assured Section 1 metrics.,microsoft_2026_environmental_data_factsheet,https://cdn-dynmedia-1.microsoft.com/is/content/microsoftcorp/microsoft/final/en-us/microsoft-brand/documents/2026-Environmental-Data-Fact-Sheet.pdf
Microsoft,Microsoft corporate operations by region,region,North America,,FY23,withdrawal,5584.0,ML,5584000000.0,exact,Section 2 detail; not part of the assured Section 1 metrics.,microsoft_2026_environmental_data_factsheet,https://cdn-dynmedia-1.microsoft.com/is/content/microsoftcorp/microsoft/final/en-us/microsoft-brand/documents/2026-Environmental-Data-Fact-Sheet.pdf
Microsoft,Microsoft corporate operations by region,region,North America,,FY23,consumption,3318.0,ML,3318000000.0,exact,Section 2 detail; not part of the assured Section 1 metrics.,microsoft_2026_environmental_data_factsheet,https://cdn-dynmedia-1.microsoft.com/is/content/microsoftcorp/microsoft/final/en-us/microsoft-brand/documents/2026-Environmental-Data-Fact-Sheet.pdf
Microsoft,Microsoft corporate operations by region,region,North America,,FY23,discharge,2266.0,ML,2266000000.0,exact,Section 2 detail; not part of the assured Section 1 metrics.,microsoft_2026_environmental_data_factsheet,https://cdn-dynmedia-1.microsoft.com/is/content/microsoftcorp/microsoft/final/en-us/microsoft-brand/documents/2026-Environmental-Data-Fact-Sheet.pdf
Microsoft,Microsoft corporate operations by region,region,North America,,FY24,withdrawal,7002.0,ML,7002000000.0,exact,Section 2 detail; not part of the assured Section 1 metrics.,microsoft_2026_environmental_data_factsheet,https://cdn-dynmedia-1.microsoft.com/is/content/microsoftcorp/microsoft/final/en-us/microsoft-brand/documents/2026-Environmental-Data-Fact-Sheet.pdf
Microsoft,Microsoft corporate operations by region,region,North America,,FY24,consumption,4023.0,ML,4023000000.0,exact,Section 2 detail; not part of the assured Section 1 metrics.,microsoft_2026_environmental_data_factsheet,https://cdn-dynmedia-1.microsoft.com/is/content/microsoftcorp/microsoft/final/en-us/microsoft-brand/documents/2026-Environmental-Data-Fact-Sheet.pdf
Microsoft,Microsoft corporate operations by region,region,North America,,FY24,discharge,2979.0,ML,2979000000.0,exact,Section 2 detail; not part of the assured Section 1 metrics.,microsoft_2026_environmental_data_factsheet,https://cdn-dynmedia-1.microsoft.com/is/content/microsoftcorp/microsoft/final/en-us/microsoft-brand/documents/2026-Environmental-Data-Fact-Sheet.pdf
Microsoft,Microsoft corporate operations by region,region,North America,,FY25,withdrawal,7366.0,ML,7366000000.0,exact,Section 2 detail; not part of the assured Section 1 metrics.,microsoft_2026_environmental_data_factsheet,https://cdn-dynmedia-1.microsoft.com/is/content/microsoftcorp/microsoft/final/en-us/microsoft-brand/documents/2026-Environmental-Data-Fact-Sheet.pdf
Microsoft,Microsoft corporate operations by region,region,North America,,FY25,consumption,4619.0,ML,4619000000.0,exact,Section 2 detail; not part of the assured Section 1 metrics.,microsoft_2026_environmental_data_factsheet,https://cdn-dynmedia-1.microsoft.com/is/content/microsoftcorp/microsoft/final/en-us/microsoft-brand/documents/2026-Environmental-Data-Fact-Sheet.pdf
Microsoft,Microsoft corporate operations by region,region,North America,,FY25,discharge,2747.0,ML,2747000000.0,exact,Section 2 detail; not part of the assured Section 1 metrics.,microsoft_2026_environmental_data_factsheet,https://cdn-dynmedia-1.microsoft.com/is/content/microsoftcorp/microsoft/final/en-us/microsoft-brand/documents/2026-Environmental-Data-Fact-Sheet.pdf
Microsoft,Microsoft-owned datacentre location (FY25),site,Phoenix (AZ) datacentre,US,FY25,withdrawal,981.0,ML,981000000.0,exact,Excludes commissioning and locations collectively <1% of owned-datacentre withdrawal/electricity; Section 2 detail; not part of the assured Section 1 metrics.,microsoft_2026_environmental_data_factsheet,https://cdn-dynmedia-1.microsoft.com/is/content/microsoftcorp/microsoft/final/en-us/microsoft-brand/documents/2026-Environmental-Data-Fact-Sheet.pdf
Microsoft,Microsoft-owned datacentre location (FY25),site,Queretaro datacentre,MX,FY25,withdrawal,19.0,ML,19000000.0,exact,Excludes commissioning and locations collectively <1% of owned-datacentre withdrawal/electricity; Section 2 detail; not part of the assured Section 1 metrics.,microsoft_2026_environmental_data_factsheet,https://cdn-dynmedia-1.microsoft.com/is/content/microsoftcorp/microsoft/final/en-us/microsoft-brand/documents/2026-Environmental-Data-Fact-Sheet.pdf
Microsoft,Microsoft-owned datacentre location (FY25),site,Quincy (WA) datacentre,US,FY25,withdrawal,1292.0,ML,1292000000.0,exact,Excludes commissioning and locations collectively <1% of owned-datacentre withdrawal/electricity; Section 2 detail; not part of the assured Section 1 metrics.,microsoft_2026_environmental_data_factsheet,https://cdn-dynmedia-1.microsoft.com/is/content/microsoftcorp/microsoft/final/en-us/microsoft-brand/documents/2026-Environmental-Data-Fact-Sheet.pdf
Microsoft,Microsoft-owned datacentre location (FY25),site,San Antonio (TX) datacentre,US,FY25,withdrawal,420.0,ML,420000000.0,exact,Excludes commissioning and locations collectively <1% of owned-datacentre withdrawal/electricity; Section 2 detail; not part of the assured Section 1 metrics.,microsoft_2026_environmental_data_factsheet,https://cdn-dynmedia-1.microsoft.com/is/content/microsoftcorp/microsoft/final/en-us/microsoft-brand/documents/2026-Environmental-Data-Fact-Sheet.pdf
Microsoft,Microsoft-owned datacentre location (FY25),site,Singapore datacentre,SG,FY25,withdrawal,423.0,ML,423000000.0,exact,Excludes commissioning and locations collectively <1% of owned-datacentre withdrawal/electricity; Section 2 detail; not part of the assured Section 1 metrics.,microsoft_2026_environmental_data_factsheet,https://cdn-dynmedia-1.microsoft.com/is/content/microsoftcorp/microsoft/final/en-us/microsoft-brand/documents/2026-Environmental-Data-Fact-Sheet.pdf
Microsoft,Microsoft-owned datacentre location (FY25),site,Sydney datacentre,AU,FY25,withdrawal,8.0,ML,8000000.0,exact,Excludes commissioning and locations collectively <1% of owned-datacentre withdrawal/electricity; Section 2 detail; not part of the assured Section 1 metrics.,microsoft_2026_environmental_data_factsheet,https://cdn-dynmedia-1.microsoft.com/is/content/microsoftcorp/microsoft/final/en-us/microsoft-brand/documents/2026-Environmental-Data-Fact-Sheet.pdf
Microsoft,Microsoft-owned datacentre location (FY25),site,Taipei datacentre,TW,FY25,withdrawal,4.0,ML,4000000.0,exact,Excludes commissioning and locations collectively <1% of owned-datacentre withdrawal/electricity; Section 2 detail; not part of the assured Section 1 metrics.,microsoft_2026_environmental_data_factsheet,https://cdn-dynmedia-1.microsoft.com/is/content/microsoftcorp/microsoft/final/en-us/microsoft-brand/documents/2026-Environmental-Data-Fact-Sheet.pdf
Microsoft,Microsoft-owned datacentre location (FY25),site,Vienna datacentre,AT,FY25,withdrawal,4.0,ML,4000000.0,exact,Excludes commissioning and locations collectively <1% of owned-datacentre withdrawal/electricity; Section 2 detail; not part of the assured Section 1 metrics.,microsoft_2026_environmental_data_factsheet,https://cdn-dynmedia-1.microsoft.com/is/content/microsoftcorp/microsoft/final/en-us/microsoft-brand/documents/2026-Environmental-Data-Fact-Sheet.pdf
Microsoft,Microsoft-owned datacentre location (FY25),site,Warsaw datacentre,PL,FY25,withdrawal,2.0,ML,2000000.0,exact,Excludes commissioning and locations collectively <1% of owned-datacentre withdrawal/electricity; Section 2 detail; not part of the assured Section 1 metrics.,microsoft_2026_environmental_data_factsheet,https://cdn-dynmedia-1.microsoft.com/is/content/microsoftcorp/microsoft/final/en-us/microsoft-brand/documents/2026-Environmental-Data-Fact-Sheet.pdf
